session;query;query_state
LearnWeb01;metaphor;IS
LearnWeb01;metaphors for learning;SC
LearnWeb01;metaphors for language teaching;SC
LearnWeb01;metaphors for language teaching;SC
LearnWeb01;mobile apps;NW
LearnWeb01;french;NW
LearnWeb01;dictionary;NW
LearnWeb01;dictionary;RP
LearnWeb01;dictionary;RP
LearnWeb01;french dictionary;SC
LearnWeb01;peer teaching;NW
LearnWeb01;blog;NW
LearnWeb01;tips for learn english;NW
LearnWeb01;games for learning english;WS
LearnWeb02;science;IS
LearnWeb02;science;RP
LearnWeb02;science museum london;SC
LearnWeb03;ottawa;IS
LearnWeb03;ottawa;RP
LearnWeb03;ottawa;RP
LearnWeb03;ottawa;RP
LearnWeb04;grammar;IS
LearnWeb04;grammar;RP
LearnWeb04;grammar;RP
LearnWeb04;grammar;RP
LearnWeb04;grammar;RP
LearnWeb04;grammar;RP
LearnWeb04;grammar;RP
LearnWeb04;grammar;RP
LearnWeb04;grammar;RP
LearnWeb04;ajedrez;NW
LearnWeb05;activities children;IS
LearnWeb05;activities children A1;SC
LearnWeb05;music;NW
LearnWeb06;children books;IS
LearnWeb06;children english books;SC
LearnWeb06;children english books;RP
LearnWeb07;loro;IS
LearnWeb07;loro;RP
LearnWeb07;loro;RP
LearnWeb07;Loro;RP
LearnWeb07;Loro;RP
LearnWeb07;test;NW
LearnWeb07;test;RP
LearnWeb08;human rights violations;IS
LearnWeb08;human rights;GE
LearnWeb08;human rights;RP
LearnWeb08;human rights;RP
LearnWeb08;tiger;NW
LearnWeb08;tiger;RP
LearnWeb08;BBC;NW
LearnWeb08;children;NW
LearnWeb08;children;RP
LearnWeb08;human rights;NW
LearnWeb08;barney;NW
LearnWeb08;barney;RP
LearnWeb08;barney bear;SC
LearnWeb08;barney bear cambridge;SC
LearnWeb08;barney bear bbc;WS
LearnWeb09;english for kids;IS
LearnWeb09;english for kids;RP
LearnWeb09;english;GE
LearnWeb09;english;RP
LearnWeb09;english for kids;SC
LearnWeb09;blog personale;NW
LearnWeb09;jay;NW
LearnWeb09;gretchen;NW
LearnWeb09;grechen;RP
LearnWeb09;gretchen;RP
LearnWeb09;gretchen;RP
LearnWeb09;teachers;NW
LearnWeb09;teachers;RP
LearnWeb10;south korea;IS
LearnWeb10;korea;GE
LearnWeb10;korea;RP
LearnWeb10;south korea;SC
LearnWeb11;improving english;IS
LearnWeb11;english;GE
LearnWeb11;improving english;RS
LearnWeb11;improving english written skills;SC
LearnWeb11;improving english written skills;RP
LearnWeb11;cambridge;RE
LearnWeb11;cambridge;RP
LearnWeb11;cambridge english;SC
LearnWeb11;mobile apps;NW
LearnWeb11;emerging;NW
LearnWeb11;write;NW
LearnWeb11;write;RP
LearnWeb11;write and improve;SC
LearnWeb11;university;NW
LearnWeb11;university;RP
LearnWeb11;cambridge university;SC
LearnWeb12;peer teaching;IS
LearnWeb12;peer;GE
LearnWeb12;peer;RP
LearnWeb12;peer;RP
LearnWeb12;peer;RP
LearnWeb12;peer tutoring;SC
LearnWeb12;apps;NW
LearnWeb12;peer;NW
LearnWeb12;peer;RP
LearnWeb12;peer teaching;RS
LearnWeb13;ecofeminism;IS
LearnWeb13;ecoliguistics;NW
LearnWeb13;eco;NW
LearnWeb13;eco;RP
LearnWeb13;eco and feminism;SC
LearnWeb13;climate change;NW
LearnWeb13;climate;GE
LearnWeb13;climate;RP
LearnWeb13;climate change;SC
LearnWeb13;ecology;RE
LearnWeb13;ecology;RP
LearnWeb13;ecology climate;SC
LearnWeb13;ecology climate change;SC
LearnWeb13;ecolingisticas;NW
LearnWeb13;spark note;NW
LearnWeb13;spark note;RP
LearnWeb13;sparknote;RE
LearnWeb13;sparknote;RP
LearnWeb13;spark note;RE
LearnWeb13;spark notes;RP
LearnWeb14;resources for teachers;IS
LearnWeb14;british council learn english;NW
LearnWeb14;pgel 2017;NW
LearnWeb15;flipped classroom;IS
LearnWeb15;geography clil;NW
LearnWeb15;geography clil;RP
LearnWeb15;geography;GE
LearnWeb15;geography;RP
LearnWeb15;geography clil;SC
LearnWeb16;Web searching for learning;IS
LearnWeb16;Playing;NW
LearnWeb16;Group activities;RE
LearnWeb16;Web searching for learning;RS
LearnWeb16;Web searching for learning group activities;SC
LearnWeb16;Web searching for learning;RS
LearnWeb16;Ecofeminism;NW
LearnWeb16;Web searching kids;NW
LearnWeb16;Ecofeminism;NW
LearnWeb16;Plurilingual education in italy;NW
LearnWeb16;Science lessons;RE
LearnWeb16;Science lessons high school;SC
LearnWeb16;Science lessons;GE
LearnWeb16;Science lessons nursery school;SC
LearnWeb16;Science lessons primary school;WS
LearnWeb16;Science lessons high school;WS
LearnWeb17;ecolinguistics;IS
LearnWeb17;exolinguistics;NW
LearnWeb17;ecolinguistics;RS
LearnWeb17;ecolinguistics;RP
LearnWeb17;ecolinguistics;RP
LearnWeb17;ecolinguistics;RP
LearnWeb18;motivational interviewing;IS
LearnWeb18;learning strategies;NW
LearnWeb18;learning apps;WS
LearnWeb18;plurilinguism;NW
LearnWeb18;plurilinguism;RP
LearnWeb18;plurilinguism;RP
LearnWeb18;motivation for learning english;RE
LearnWeb18;multilinguism;RE
LearnWeb18;multilinguism and language in danger;SC
LearnWeb18;three types of english;RE
LearnWeb18;three types of english ted talk;SC
LearnWeb19;english for kids games;IS
LearnWeb19;english kids games;GE
LearnWeb19;kids games english;RP
LearnWeb19;oxford learner's dictionary;RE
LearnWeb20;walt whitman poems;IS
LearnWeb20;walt whitman poems;RP
LearnWeb21;Music learning Language;IS
LearnWeb21;Music learning englisch;WS
LearnWeb21;Music learning english;RP
LearnWeb21;Improve;NW
LearnWeb22;Websearching for english;IS
LearnWeb22;Ecolinguistics;NW
LearnWeb22;Ecolinguistics;RP
LearnWeb22;L2;RE
LearnWeb23;english for children;IS
LearnWeb23;improve english;WS
LearnWeb23;english through music;WS
LearnWeb23;english science class;WS
LearnWeb24;language teaching;IS
LearnWeb24;improving my english;RE
LearnWeb24;improving my english;RP
LearnWeb24;improving my english;RP
LearnWeb24;cambridge assessment english;WS
LearnWeb24;websearching for learning;NW
LearnWeb25;prova;IS
LearnWeb25;prova;RP
LearnWeb26;english;IS
LearnWeb26;hello;NW
LearnWeb26;animals;NW
LearnWeb27;ecology action;IS
LearnWeb27;ecology action;RP
LearnWeb27;ecology action;RP
LearnWeb27;ecology for kids;WS
LearnWeb27;stop the music;NW
LearnWeb26-B;CLIL;IS
LearnWeb26-B;CLIL;RP
LearnWeb26-B;CLIL;RP
LearnWeb27-B;dislexia;IS
LearnWeb27-B;dislexia;RP
LearnWeb27-B;dislexia;RP
LearnWeb28;ted malala;IS
LearnWeb28;ted malala;RP
LearnWeb28;laura cimetta blog;NW
LearnWeb28;laura cimetta blog;RP
LearnWeb29;crap detection;IS
LearnWeb29;crap detection;RP
LearnWeb29;crap detection;RP
LearnWeb29;crap detection;RP
LearnWeb30;ecology for kids;IS
LearnWeb30;ecology for kids;RP
LearnWeb30;ecology for kids;RP
LearnWeb30;english for kids;WS
LearnWeb30;english for kids;RP
LearnWeb30;english for kids;RP
LearnWeb30;english for kids;RP
LearnWeb31;hannover;IS
LearnWeb32;elena biasioli;IS
LearnWeb32;elena biasioli;RP
LearnWeb33;germany;IS
LearnWeb33;germany;RP
LearnWeb34;thank you;IS
LearnWeb34;thank you;RP
LearnWeb35;obama;IS
LearnWeb35;obama;RP
LearnWeb36;tags:featured;IS
LearnWeb37;food;IS
LearnWeb37;food;RP
LearnWeb37;food;RP
LearnWeb37;food;RP
LearnWeb37;food;RP
LearnWeb37;food;RP
LearnWeb37;food;RP
LearnWeb38;framework;IS
LearnWeb38;grammar;NW
LearnWeb38;video;NW
LearnWeb39;chocolate;IS
LearnWeb39;chocolate;RP
LearnWeb39;chocolate;RP
LearnWeb39;chocolate;RP
LearnWeb40;language and identity;IS
LearnWeb40;cultural identity;WS
LearnWeb40;identity;GE
LearnWeb41;chimamanda ngozi adichie;IS
LearnWeb41;chimamanda ngozi adichie;RP
LearnWeb42;teachers;IS
LearnWeb43;clil;IS
LearnWeb44;chiara schneider;IS
LearnWeb44;chiara schneider;RP
LearnWeb45;obama;IS
LearnWeb45;obama;RP
LearnWeb46;classroom dynamics;IS
LearnWeb46;classroom dynamics;RP
LearnWeb46;classroom body language children;WS
LearnWeb46;teacher training videos primary;RE
LearnWeb47;Kindergatren;IS
LearnWeb47;Kindergarten;RP
LearnWeb47;Kindergarten;RP
LearnWeb47;Kindergarten;RP
LearnWeb47;Kindergarten;RP
LearnWeb47;Kindergarten;RP
LearnWeb47;Kindergarten;RP
LearnWeb47;Kindergarten;RP
LearnWeb47;scuola dellÂ´infanzia;RE
LearnWeb47;scuola dellÂ´infanzia;RP
LearnWeb47;scuola;GE
LearnWeb47;scuola;RP
LearnWeb47;scuola;RP
LearnWeb47;scuola;RP
LearnWeb47;scuola;RP
LearnWeb47;scuola;RP
LearnWeb47;scuola;RP
LearnWeb47;scuola;RP
LearnWeb47;multiliteracies;RE
LearnWeb47;multiliteracies;RP
LearnWeb47;multiliteracies;RP
LearnWeb47;scuola;RE
LearnWeb47;scuola;RP
LearnWeb47;multiliteracies;RE
LearnWeb47;multiliteracies;RP
LearnWeb47;multiliteracies;RP
LearnWeb47;dislexia;RE
LearnWeb48;obama;IS
LearnWeb48;obama;RP
LearnWeb49;nursery rhymes;IS
LearnWeb49;bed-time story;RE
LearnWeb49;nursery rhymes;RS
LearnWeb50;science;IS
LearnWeb50;science museum london;SC
LearnWeb50;science;RS
LearnWeb51;documentary;IS
LearnWeb52;malala;IS
LearnWeb52;malala;RP
LearnWeb52;malala TED;SC
LearnWeb52;malala TED;RP
LearnWeb52;ted talks;RE
LearnWeb52;ted talks;RP
LearnWeb52;cello;NW
LearnWeb52;cello;RP
LearnWeb52;mathematic;NW
LearnWeb52;translation;NW
LearnWeb52;environment;NW
LearnWeb53;facebook;IS
LearnWeb53;facebook;RP
LearnWeb53;facebook;RP
LearnWeb54;plurilinguismo;IS
LearnWeb54;plurilinguismo;RP
LearnWeb54;plurilinguismo;RP
LearnWeb55;Websearching for learning;IS
LearnWeb55;Ecolinguistics;NW
LearnWeb55;Ecolinguistics;RP
LearnWeb55;L2;IS
LearnWeb55;English;RE
LearnWeb56;common european framework;IS
LearnWeb56;common european framework;RP
LearnWeb57;clil;IS
LearnWeb58;loro;IS
LearnWeb59;language;IS
LearnWeb59;language;RP
LearnWeb59;language;RP
LearnWeb60;futurelearn;IS
LearnWeb60;futurelearn;RP
LearnWeb60;Russel stannard viceos;RE
LearnWeb60;Russel stannard videos;RP
LearnWeb60;DysTEFL;RE
LearnWeb61;education;IS
LearnWeb62;ecology for children;IS
LearnWeb63;medicine;IS
LearnWeb63;medicine;RP
LearnWeb64;promoting my town;IS
LearnWeb64;promoting my town;RP
LearnWeb64;promoting my town;RP
LearnWeb64;promoting my town;RP
LearnWeb64;promoting my town;RP
LearnWeb64;promoting my town;RP
LearnWeb64;festivities;NW
LearnWeb64;festivities;RP
LearnWeb64;festivities;RP
LearnWeb64;festivities;RP
LearnWeb64;multiple intelligences;NW
LearnWeb64;multiple intelligences;RP
LearnWeb65;improve vocabulary skills;IS
LearnWeb66;BBC CBeebies;IS
LearnWeb66;BBC CBeebies;RP
LearnWeb66;BBC CBeebies;RP
LearnWeb66;BBC CBeebies;RP
LearnWeb66;BBC CBeebies;RP
LearnWeb67;chimamanda adichie;IS
LearnWeb67;chimamanda adichie;RP
LearnWeb67;chimamanda adichie;RP
LearnWeb67;chimamanda adichie;RP
LearnWeb68;template lesson plan;IS
LearnWeb68;template lesson plan;RP
LearnWeb69;human rights;IS
LearnWeb70;dog;IS
LearnWeb70;dog;RP
LearnWeb71;visit london;IS
LearnWeb71;visit london;RP
LearnWeb71;visit london;RP
LearnWeb71;visit london;RP
LearnWeb71;visit london;RP
LearnWeb72;template lesson plan;IS
LearnWeb73;blog personale;IS
LearnWeb74;english for kids;IS
LearnWeb74;english for kids;RP
LearnWeb74;english for kids;RP
LearnWeb74;english for kids;RP
LearnWeb75;water and multiculturalism;IS
LearnWeb76;dyslexia;IS
LearnWeb76;dyslexia;RP
LearnWeb77;student learning development;IS
LearnWeb77;academic writing skills;RE
LearnWeb77;academic writing skills leicester;SC
LearnWeb77;student learning development;RS
LearnWeb77;student learning development leicester;SC
LearnWeb77;academic writing;RE
LearnWeb78;peer tutoring;IS
LearnWeb79;language learning;IS
LearnWeb79;language learning;RP
LearnWeb80;kids vocabulary;IS
LearnWeb80;kids vocabulary;RP
LearnWeb81;chimamamda adichie;IS
LearnWeb81;chimamamda adichie;RP
LearnWeb81;chimamamda adichie;RP
LearnWeb81;chimamamda adichie;RP
LearnWeb81;chimamamda adichie;RP
LearnWeb81;chimamamda adichie;RP
LearnWeb82;hannover;IS
LearnWeb82;hannover;RP
LearnWeb82;hannover;RP
LearnWeb82;hannover;RP
LearnWeb83;human rights;IS
LearnWeb84;english for kids;IS
LearnWeb84;english for kids;RP
LearnWeb85;achimamanda adichie;IS
LearnWeb85;achimamanda adichie;RP
LearnWeb86;Halliday;IS
LearnWeb86;Halliday;RP
LearnWeb86;Halliday;RP
LearnWeb87;three tyepes of english ted talk;IS
LearnWeb87;three types of English;GE
LearnWeb88;hummer;IS
LearnWeb89;body language;IS
LearnWeb89;environment;NW
LearnWeb90;assssment;IS
LearnWeb90;quarto anno;RE
LearnWeb90;quarto anno;RP
LearnWeb91;gras;IS
LearnWeb92;Clil;IS
LearnWeb92;Clil;RP
LearnWeb92;Clil Geography;SC
LearnWeb93;We are nothing;IS
LearnWeb93;We are nothing Vandana Shiva;SC
LearnWeb93;english;NW
LearnWeb94;cello;IS
LearnWeb94;cello;RP
LearnWeb94;cello;RP
LearnWeb95;activities on colours;IS
LearnWeb95;activities on colours;RP
LearnWeb95;activities on colours;RP
LearnWeb95;activities on colours;RP
LearnWeb95;activities on colours;RP
LearnWeb95;activities on colours;RP
LearnWeb96;ecology for children;IS
LearnWeb97;dyslexia;IS
LearnWeb97;dyslexia;RP
LearnWeb97;dyslexia;RP
LearnWeb98;langauge and creativity;IS
LearnWeb98;language and creativity;RP
LearnWeb98;language and creativity;RP
LearnWeb98;language and creativity;RP
LearnWeb99;dyslecsics;IS
LearnWeb99;dyslexia;RE
LearnWeb99;music;NW
LearnWeb100;education;IS
LearnWeb101;autism and language learning;IS
LearnWeb101;autism and language learning;RP
LearnWeb102;thank you cards free;IS
LearnWeb103;template;IS
LearnWeb103;template;RP
LearnWeb104;body language;IS
LearnWeb104;body language;RP
LearnWeb105;south korea;IS
LearnWeb106;climate change;IS
LearnWeb106;ecolinguistics;NW
LearnWeb106;spark notes;NW
LearnWeb106;sparkntoes;RE
LearnWeb106;ecolinguisticas;NW
LearnWeb106;ecolinguistics;RE
LearnWeb106;speaking skilss;RE
LearnWeb106;speaking skills;RP
LearnWeb106;spark notes;NW
LearnWeb106;Spraknotes;RE
LearnWeb106;Spraknotes;RP
LearnWeb106;Spraknotes;RP
LearnWeb106;Sparknotes;RP
LearnWeb106;Sparknotes;RP
LearnWeb107;soap;IS
LearnWeb107;soap;RP
LearnWeb107;soap;RP
LearnWeb107;sidibe;RE
LearnWeb107;sidibe;RP
LearnWeb107;sidibe;RP
LearnWeb107;washing;RE
LearnWeb107;washing;RP
LearnWeb107;washing;RP
LearnWeb107;hand;RE
LearnWeb108;creative writing;IS
LearnWeb108;quizlet;NW
LearnWeb108;teachers;RE
LearnWeb109;LearnEnglish Kids;IS
LearnWeb109;learnenglishkids;RE
LearnWeb109;learnenglishkids;RP
LearnWeb110;games;IS
LearnWeb111;writing for a purpose;IS
LearnWeb111;writing for a purpose;RP
LearnWeb111;writing for a purpose;RP
LearnWeb112;children;IS
LearnWeb112;children;RP
LearnWeb113;activities;IS
LearnWeb113;activities;RP
LearnWeb113;activities;RP
LearnWeb113;members;NW
LearnWeb114;Improve;IS
LearnWeb114;language teaching;NW
LearnWeb114;improving my english;RE
LearnWeb114;improving my english;RP
LearnWeb114;improving my english;RP
LearnWeb114;cambridge assessment english;WS
LearnWeb114;websearching for learning;NW
LearnWeb115;letteraatura;IS
LearnWeb115;letteraatura;RP
LearnWeb115;letteratura;RP
LearnWeb116;italy;IS
LearnWeb116;italy;RP
LearnWeb116;jay;NW
LearnWeb116;gretchen;NW
LearnWeb116;geometry;NW
LearnWeb116;geometry;RP
LearnWeb116;matematics;RE
LearnWeb116;mathematics;RP
LearnWeb116;mathematic;RP
LearnWeb117;gender;IS
LearnWeb117;gender;RP
LearnWeb118;facebook;IS
LearnWeb118;facebook;RP
LearnWeb119;Ministero della pubblica istruzione;IS
LearnWeb119;Ministero della pubblica istruzione;RP
LearnWeb120;children''s rights;IS
LearnWeb121;holiday;IS
LearnWeb121;halliday;NW
LearnWeb122;cycle of water;IS
LearnWeb122;cycle of water;RP
LearnWeb122;cycle of water;RP
LearnWeb122;cycle of water;RP
LearnWeb122;cycle of water'' primary school;SC
LearnWeb123;human rights;IS
LearnWeb123;human rights;RP
LearnWeb123;STEAM;NW
LearnWeb123;steam games;SC
LearnWeb123;steam;GE
LearnWeb123;stem education;SC
LearnWeb123;stem education;RP
LearnWeb123;stem education;RP
LearnWeb123;stem education;RP
LearnWeb123;stem education;RP
LearnWeb123;stem education;RP
LearnWeb124;Common European Framework;IS
LearnWeb124;Common European Framework council of europe;SC
LearnWeb125;terence;IS
LearnWeb125;terence;RP
LearnWeb125;TERENCE project;SC
LearnWeb126;hannover;IS
LearnWeb126;hannover;RP
LearnWeb127;favaro;IS
LearnWeb127;favaro;RP
LearnWeb127;favaro;RP
LearnWeb128;human rights;IS
LearnWeb128;tiger;NW
LearnWeb128;tiger;RP
LearnWeb129;scuola primaria;IS
LearnWeb130;Hannover;IS
LearnWeb130;Hannover;RP
LearnWeb131;teaching channel;IS
LearnWeb131;teaching channel;RP
LearnWeb131;teaching channel;RP
LearnWeb132;garb;IS
LearnWeb133;clil;IS
LearnWeb134;http://www.magickeys.co m/books;IS
LearnWeb134;http://www.magickeys.co m/books;RP
LearnWeb134;magickeys;RE
LearnWeb135;cimamanda adice;IS
LearnWeb135;cimamanda adice;RP
LearnWeb135;cimamanda adice;RP
LearnWeb135;cimamanda adice;RP
LearnWeb135;ted malala;RE
LearnWeb135;ted malala;RP
LearnWeb135;clil;NW
LearnWeb135;loro;NW
LearnWeb135;loro;RP
LearnWeb135;tedx;NW
LearnWeb135;tedx;RP
LearnWeb135;tedx;RP
LearnWeb135;tedx;RP
LearnWeb135;ted videos;RE
LearnWeb135;ted videos astronomy;SC
LearnWeb135;source:TED astronomy;WS
LearnWeb135;source:TED astronomy;RP
LearnWeb135;astronomy;GE
LearnWeb135;astronomy;RP
LearnWeb135;astronomy;RP
LearnWeb135;source:TED astronomy;SC
LearnWeb135;source:TED astronomy;RP
LearnWeb135;source:TED astronomy;RP
LearnWeb135;source:TED and astronomy;SC
LearnWeb135;source:TED astronomy;GE
LearnWeb135;astronomy;GE
LearnWeb135;astronomy;RP
LearnWeb135;biology;NW
LearnWeb136;storytelling for children;IS
LearnWeb136;storytelling for children;RP
LearnWeb137;ecology for children;IS
LearnWeb138;songs for children;IS
LearnWeb138;best books;NW
LearnWeb139;nature in romanticism;IS
LearnWeb139;ted talk;NW
LearnWeb139;ted talk;RP
LearnWeb139;learning english;NW
LearnWeb139;Learning;GE
LearnWeb140;kids;IS
LearnWeb141;BBC;IS
LearnWeb142;author: ich;IS
LearnWeb143;malala;IS
LearnWeb143;malala;RP
LearnWeb143;music;NW
LearnWeb144;obama;IS
LearnWeb144;obama;RP
LearnWeb144;obama;RP
LearnWeb144;obama;RP
LearnWeb144;obama;RP
LearnWeb144;gauck;NW
LearnWeb144;gauck;RP
LearnWeb145;clil;IS
LearnWeb146;lab4;IS
LearnWeb147;education;IS
LearnWeb147;education;RP
LearnWeb147;improving english;RE
LearnWeb148;clil;IS
LearnWeb148;CLIL;RP
LearnWeb148;CLIL;RP
LearnWeb148;CLIL;RP
LearnWeb148;CLIL;RP
LearnWeb148;CLIL;RP
LearnWeb148;CLIL;RP
LearnWeb148;CLIL;RP
LearnWeb148;CLIL;RP
LearnWeb148;CLIL;RP
LearnWeb148;english;RE
LearnWeb148;english;RP
LearnWeb148;english;RP
LearnWeb148;english;RP
LearnWeb149;units;IS
LearnWeb150;University;IS
LearnWeb151;faiiry tales;IS
LearnWeb151;faiiry tales;RP
LearnWeb151;faiiry tales;RP
LearnWeb151;faiiry tales;RP
LearnWeb152;personal;IS
LearnWeb152;blog;NW
LearnWeb153;pavia;IS
LearnWeb154;the dangers of a singles story;IS
LearnWeb154;the dangers of a singles story;RP
LearnWeb155;papirove;IS
LearnWeb155;papirove;RP
LearnWeb155;stream of consciousness;RE
LearnWeb155;stream of consciousness;RP
LearnWeb155;stream of consciousness;RP
LearnWeb155;stream of consciousness;RP
LearnWeb155;stream of consciousness;RP
LearnWeb156;creative writing;IS
LearnWeb156;creative writing;RP
LearnWeb156;creative writing;RP
LearnWeb156;teaching channel;NW
LearnWeb156;teaching practice for primary;WS